<?xml version="1.0" encoding="UTF-8" standalone="yes"?>
<service xmlns="http://www.activegrid.com/namespaces/ServiceDefinitions/1.0" id="tweetsdb" class="com.tweetsdb.Tweetsdb" CRUDService="true" type="DataService" springFile="tweetsdb.spring.xml">
    <operation operationType="hqlquery" name="getUserById">
        <parameter name="id" typeRef="java.lang.Integer" isList="false"/>
        <return typeRef="com.tweetsdb.data.User" isList="false"/>
    </operation>
    <dataobjects>
        <dataobject javaType="com.tweetsdb.data.Tweetslog" supportsQuickData="true">
            <element name="idtweetslog" typeRef="java.lang.Integer" isList="false" allowNull="false">
                <require>delete</require>
                <require>read</require>
                <require>update</require>
                <noChange>delete</noChange>
                <noChange>read</noChange>
                <noChange>update</noChange>
                <exclude>insert</exclude>
            </element>
            <element name="queryCreationDate" typeRef="java.util.Date" isList="false" allowNull="true"/>
            <element name="query" typeRef="java.lang.String" isList="false" allowNull="false"/>
            <element name="textQuery" typeRef="java.lang.String" isList="false" allowNull="true"/>
            <element name="fullnameuser" typeRef="java.lang.String" isList="false" allowNull="true"/>
            <element name="zone" typeRef="java.lang.String" isList="false" allowNull="true"/>
            <element name="language" typeRef="java.lang.String" isList="false" allowNull="true"/>
            <element name="polarity" typeRef="java.lang.Integer" isList="false" allowNull="false"/>
        </dataobject>
        <dataobject javaType="com.tweetsdb.data.User" supportsQuickData="true">
            <element name="iduser" typeRef="java.lang.Integer" isList="false" allowNull="false">
                <require>delete</require>
                <require>read</require>
                <require>update</require>
                <noChange>delete</noChange>
                <noChange>read</noChange>
                <noChange>update</noChange>
                <exclude>insert</exclude>
            </element>
            <element name="name" typeRef="java.lang.String" isList="false" allowNull="true"/>
            <element name="lastname" typeRef="java.lang.String" isList="false" allowNull="true"/>
            <element name="username" typeRef="java.lang.String" isList="false" allowNull="false"/>
            <element name="email" typeRef="java.lang.String" isList="false" allowNull="true"/>
            <element name="password" typeRef="java.lang.String" isList="false" allowNull="false"/>
            <element name="createTime" typeRef="java.util.Date" isList="false" allowNull="true"/>
        </dataobject>
    </dataobjects>
</service>
