<?xml version="1.0" encoding="UTF-8" standalone="yes"?>
<service xmlns="http://www.activegrid.com/namespaces/ServiceDefinitions/1.0" id="tweetsdb" class="com.tweetsdb.Tweetsdb" CRUDService="true" type="DataService" springFile="tweetsdb.spring.xml">
    <operation operationType="hqlquery" name="getTweetslogById">
        <parameter name="id" typeRef="java.lang.Integer" isList="false"/>
        <return typeRef="com.tweetsdb.data.Tweetslog" isList="false"/>
    </operation>
    <operation operationType="hqlquery" name="metrics">
        <parameter name="puser" typeRef="java.lang.String" isList="false"/>
        <parameter name="plang" typeRef="java.lang.String" isList="false"/>
        <return typeRef="com.tweetsdb.data.output.MetricsRtnType" isList="true"/>
    </operation>
    <operation operationType="hqlquery" name="resultTweets">
        <parameter name="user" typeRef="java.lang.String" isList="false"/>
        <parameter name="lang" typeRef="java.lang.String" isList="false"/>
        <return typeRef="com.tweetsdb.data.output.ResultTweetsRtnType" isList="true"/>
    </operation>
    <dataobjects>
        <dataobject javaType="com.tweetsdb.data.Security" supportsQuickData="true">
            <element name="idsecurity" typeRef="java.lang.Integer" isList="false" allowNull="false">
                <require>delete</require>
                <require>read</require>
                <require>update</require>
                <noChange>delete</noChange>
                <noChange>read</noChange>
                <noChange>update</noChange>
                <exclude>insert</exclude>
            </element>
            <element name="nameuser" typeRef="java.lang.String" isList="false" allowNull="true"/>
            <element name="password" typeRef="java.lang.String" isList="false" allowNull="true"/>
        </dataobject>
        <dataobject javaType="com.tweetsdb.data.Tweetslog" supportsQuickData="true">
            <element name="idtweetslog" typeRef="java.lang.Integer" isList="false" allowNull="false">
                <require>delete</require>
                <require>read</require>
                <require>update</require>
                <noChange>delete</noChange>
                <noChange>read</noChange>
                <noChange>update</noChange>
                <exclude>insert</exclude>
            </element>
            <element name="queryCreationDate" typeRef="java.util.Date" isList="false" allowNull="true"/>
            <element name="query" typeRef="java.lang.String" isList="false" allowNull="false"/>
            <element name="textQuery" typeRef="java.lang.String" isList="false" allowNull="true"/>
            <element name="fullnameuser" typeRef="java.lang.String" isList="false" allowNull="true"/>
            <element name="zone" typeRef="java.lang.String" isList="false" allowNull="true"/>
            <element name="language" typeRef="java.lang.String" isList="false" allowNull="true"/>
            <element name="polarity" typeRef="java.lang.Integer" isList="false" allowNull="false"/>
        </dataobject>
        <dataobject javaType="com.tweetsdb.data.output.ResultTweetsRtnType" supportsQuickData="false">
            <element name="id" typeRef="java.lang.Integer" isList="false" allowNull="false"/>
            <element name="fullname" typeRef="java.lang.String" isList="false" allowNull="false"/>
            <element name="user" typeRef="java.lang.String" isList="false" allowNull="false"/>
            <element name="text" typeRef="java.lang.String" isList="false" allowNull="false"/>
            <element name="polar" typeRef="java.lang.Integer" isList="false" allowNull="false"/>
        </dataobject>
        <dataobject javaType="com.tweetsdb.data.output.MetricsRtnType" supportsQuickData="false">
            <element name="language" typeRef="java.lang.String" isList="false" allowNull="false"/>
            <element name="name" typeRef="java.lang.String" isList="false" allowNull="false"/>
            <element name="polarity" typeRef="java.lang.Integer" isList="false" allowNull="false"/>
            <element name="total_polar" typeRef="java.lang.Long" isList="false" allowNull="false"/>
        </dataobject>
    </dataobjects>
</service>
