<?xml version="1.0" encoding="UTF-8" standalone="yes"?>
<service xmlns="http://www.activegrid.com/namespaces/ServiceDefinitions/1.0" id="Tweets" class="com.cun.Tweets" CRUDService="false" type="JavaService" springFile="Tweets.spring.xml">
    <operation name="start">
        <parameter name="_user" typeRef="java.lang.String" isList="false"/>
        <parameter name="_lang" typeRef="java.lang.String" isList="false"/>
        <return typeRef="com.cun.Tweet" isList="true"/>
    </operation>
    <dataobjects>
        <dataobject javaType="com.cun.Tweet" name="Tweet" supportsQuickData="false">
            <element name="fullname" typeRef="java.lang.String" isList="false" allowNull="false"/>
            <element name="text" typeRef="java.lang.String" isList="false" allowNull="false"/>
            <element name="timezone" typeRef="java.lang.String" isList="false" allowNull="false"/>
            <element name="userTweet" typeRef="java.lang.String" isList="false" allowNull="false"/>
        </dataobject>
    </dataobjects>
</service>
