<!DOCTYPE hibernate-mapping PUBLIC "-//Hibernate/Hibernate Mapping DTD 3.0//EN" "http://hibernate.sourceforge.net/hibernate-mapping-3.0.dtd">
<hibernate-mapping>
    <class name="com.tweetsdb.data.User" table="user" catalog="tweetsdb" dynamic-insert="false" dynamic-update="false">
        <id name="iduser" type="integer">
            <column name="iduser"/>
            <generator class="identity"/>
        </id>
        <property name="name" type="string">
            <column name="name" length="80"/>
        </property>
        <property name="lastname" type="string">
            <column name="lastname" length="80"/>
        </property>
        <property name="username" type="string">
            <column name="username" length="16" not-null="true"/>
        </property>
        <property name="email" type="string">
            <column name="email"/>
        </property>
        <property name="password" type="string">
            <column name="password" length="32" not-null="true"/>
        </property>
        <property name="createTime" type="timestamp">
            <column name="create_time" length="19"/>
        </property>
    </class>
</hibernate-mapping>